structure_number,year,selected
000000000000060,2,1
000000000000150,5,1
000000000000200,5,1
000000000000240,5,1
000000000000320,4,1
000000000000350,1,1
000000000000360,2,1
000000000000370,1,1
000000000000380,1,1
000000000000410,2,1
000000000000450,4,1
000000000000460,1,1
000000000000490,3,1
000000000000500,2,1
000000000000580,3,1
000000000000640,1,1
000000000000930,3,1
000000000000950,2,1
000000000001000,3,1
000000000001050,3,1
000000000001080,2,1
000000000001110,1,1
000000000001120,2,1
000000000001180,2,1
000000000001400,3,1
000000000001440,2,1
000000000001450,1,1
000000000001480,3,1
000000000001550,2,1
000000000001580,2,1
000000000001630,3,1
000000000001780,1,1
000000000001790,3,1
000000000001950,3,1
000000000001980,1,1
000000000002010,3,1
000000000002040,1,1
000000000002130,1,1
000000000002190,1,1
000000000002220,1,1
000000000002270,2,1
000000000002450,4,1
000000000002480,1,1
000000000002490,1,1
000000000002670,3,1
000000000002840,1,1
000000000002860,3,1
000000000002870,5,1
000000000002910,4,1
000000000002920,1,1
000000000002950,3,1
000000000002990,2,1
000000000003010,1,1
000000000003060,1,1
000000000003100,4,1
000000000003150,1,1
000000000003230,2,1
000000000003340,1,1
000000000003370,4,1
000000000003440,3,1
000000000003530,2,1
000000000003680,3,1
000000000003700,4,1
000000000003760,5,1
000000000003770,2,1
000000000003880,4,1
000000000003890,3,1
000000000003900,1,1
000000000004060,2,1
000000000004130,4,1
000000000004240,4,1
000000000004330,2,1
000000000004340,1,1
000000000004570,1,1
000000000004580,1,1
000000000004600,5,1
000000000004870,2,1
000000000004890,5,1
000000000004930,2,1
000000000004940,4,1
000000000005110,2,1
000000000005120,1,1
000000000005130,3,1
000000000005150,4,1
000000000005640,1,1
000000000005650,2,1
000000000005940,1,1
000000000006470,3,1
000000000006870,4,1
000000000006880,2,1
000000000006920,3,1
000000000007050,5,1
000000000007160,1,1
000000000007170,4,1
000000000007240,4,1
000000000007830,2,1
000000000007850,5,1
000000000007880,1,1
000000000007890,3,1
000000000007900,3,1
000000000008060,5,1
000000000008070,5,1
000000000008190,5,1
000000000008270,5,1
000000000008360,5,1
000000000008420,2,1
000000000008430,1,1
000000000008450,1,1
000000000008460,1,1
000000000008580,1,1
000000000008595,1,1
000000000008600,1,1
000000000008610,1,1
000000000008770,1,1
000000000008780,1,1
000000000008790,1,1
000000000008810,4,1
000000000008850,1,1
000000000008860,1,1
000000000008870,2,1
000000000008880,5,1
000000000008890,1,1
000000000008900,1,1
000000000009140,5,1
000000000009170,4,1
000000000009190,5,1
000000000009350,3,1
000000000009390,5,1
000000000009400,4,1
000000000009440,3,1
000000000009480,5,1
000000000009500,1,1
000000000009530,3,1
000000000009540,1,1
000000000009580,2,1
000000000009582,4,1
000000000009660,4,1
000000000009690,5,1
000000000009700,1,1
000000000009720,5,1
000000000009760,5,1
000000000009780,5,1
000000000009820,2,1
000000000009840,2,1
000000000009842,3,1
000000000009890,2,1
000000000009920,4,1
000000000009950,3,1
000000000009980,4,1
000000000010980,1,1
000000000011440,1,1
000000000011660,2,1
000000000011980,1,1
000000000011990,1,1
000000000012160,1,1
000000000012240,4,1
000000000012290,1,1
000000000012470,1,1
000000000012480,1,1
000000000012810,3,1
000000000013910,5,1
